field,value,count
primary_topic,other,826
primary_topic,wildfire_exposure,396
primary_topic,vulnerable_populations,247
primary_topic,air_quality_pm25,201
primary_topic,mental_health,94
primary_topic,burn_severity_ecology,90
primary_topic,respiratory_health,64
primary_topic,mortality,64
primary_topic,cardiovascular_health,17
has_health_component,False,1440
has_health_component,True,559
mentions_vulnerable_pop,False,1323
mentions_vulnerable_pop,True,676
mentions_genomics,False,1867
mentions_genomics,True,132
health_outcomes,mental_health,214
health_outcomes,mortality,168
health_outcomes,respiratory,166
health_outcomes,cardiovascular,70
health_outcomes,cancer,48
health_outcomes,neurological,41
health_outcomes,skin_eye,34
health_outcomes,heat_related,31
health_outcomes,reproductive,25
vulnerable_pop_type,low_income,183
vulnerable_pop_type,elderly,172
vulnerable_pop_type,indigenous,158
vulnerable_pop_type,children,145
vulnerable_pop_type,rural,107
vulnerable_pop_type,racial_ethnic_minorities,91
vulnerable_pop_type,pregnant_women,42
vulnerable_pop_type,outdoor_workers,42
vulnerable_pop_type,homeless,13
study_region,Global_Multi_Country,752
study_region,unspecified,714
study_region,United States,330
study_region,Australia,138
study_region,South_America,113
study_region,Africa,106
study_region,Mediterranean_Europe,103
study_region,Canada,98
study_region,South_Asia,77
study_region,Southeast_Asia,57
method_type,unspecified,1506
method_type,cross_sectional,132
method_type,satellite_remote_sensing,130
method_type,qualitative,109
method_type,systematic_review_meta_analysis,70
method_type,randomised_controlled_trial,36
method_type,atmospheric_modelling,29
method_type,time_series_ecological,29
method_type,epidemiological_modelling,20
method_type,cohort_study,17
method_type,mixed_methods,10
method_type,case_control,2
classification_source,rule_based,1999
