Year,Air Quality / PM2.5,Burn Severity / Ecology,Cardiovascular Health,Mental Health,Mortality,Other / Unclassified,Respiratory Health,Vulnerable Populations,Wildfire Exposure,Total
2000,0,0,0,0,0,6,0,0,0,6
2001,0,1,0,0,0,11,0,1,0,13
2002,0,1,0,0,1,3,0,2,1,8
2003,0,2,0,0,0,4,0,3,1,10
2004,2,0,0,0,0,9,0,2,0,13
2005,1,4,0,0,0,7,0,0,0,12
2006,1,1,0,0,1,8,1,1,2,15
2007,1,2,0,2,1,15,0,2,0,23
2008,3,0,0,1,0,21,1,0,4,30
2009,2,0,0,2,1,16,1,5,4,31
2010,3,3,0,1,1,12,0,3,1,24
2011,2,2,1,0,2,34,3,3,5,52
2012,4,1,1,0,2,22,1,4,7,42
2013,6,7,0,3,3,19,5,9,5,57
2014,3,1,0,4,0,25,1,7,5,46
2015,5,3,0,4,3,39,2,4,17,77
2016,6,5,0,2,6,49,1,7,19,95
2017,7,6,0,2,3,44,0,8,6,76
2018,4,6,0,5,5,49,6,14,21,110
2019,12,9,0,6,6,63,2,13,23,134
2020,25,6,3,18,5,91,8,29,28,213
2021,31,7,1,13,8,80,6,35,49,230
2022,17,7,4,12,2,91,7,38,49,227
2023,32,10,1,10,10,75,13,32,83,266
2024,34,6,6,9,4,33,6,25,66,189
