ref_number,cite_key,authors,title,journal,year,doi,doi_url,access_url,access_type,oa_type,crossref_verified,crossref_title_match,verify_tag,pdf_downloaded,cited_by
1,alman2016,"Alman B, Pfister G, Hao H, Stowell J, Hu X, Liu Y, Strickland MJ",The association of wildfire smoke with respiratory and cardiovascular emergency department visits in Colorado in 2012: a case crossover study,Environmental Health,2016,10.1186/s12940-016-0146-8,https://doi.org/10.1186/s12940-016-0146-8,http://link.springer.com/content/pdf/10.1186/s12940-016-0146-8.pdf,open,gold,True,The association of wildfire smoke with respiratory and cardiovascular emergency ,False,True,151
2,heaney2022,"Heaney A, Stowell JD, Liu Y, Kulick M, Sacks JD, Gallagher G, Witrick B, Laden F, Yeh F, Kaufman JD",Impacts of Fine Particulate Matter From Wildfire Smoke on Respiratory and Cardiovascular Health in California,GeoHealth,2022,10.1029/2021gh000578,https://doi.org/10.1029/2021gh000578,https://onlinelibrary.wiley.com/doi/pdf/10.1029/2021GH000578,open,gold,True,Impacts of Fine Particulate Matter From Wildfire Smoke on Respiratory and Cardio,False,False,100
3,jones2020,"Jones R, Heaney A, Perez B, Josey M, Kaufman J, Yeh F, Vedal S, Brook R, Young B",Out-of-Hospital Cardiac Arrests and Wildfire-Related Particulate Matter During 2015-2017 California Wildfires,Journal of the American Heart Association,2020,10.1161/jaha.119.014125,https://doi.org/10.1161/jaha.119.014125,https://doi.org/10.1161/jaha.119.014125,paywalled,closed,True,Out‐of‐Hospital Cardiac Arrests and Wildfire‐Related Particulate Matter During 2,False,False,93
4,dennekamp2015,"Dennekamp M, Straney L, Erbas B, Abramson MJ, Keywood M, Smith K, Sim M, Glass DC, Del Monaco A, Haikerwal A, Tonkin A","Forest Fire Smoke Exposures and Out-of-Hospital Cardiac Arrests in Melbourne, Australia: A Case-Crossover Study",Environmental Health Perspectives,2015,10.1289/ehp.1408436,https://doi.org/10.1289/ehp.1408436,https://www.ncbi.nlm.nih.gov/pmc/articles/PMC4590745/pdf/,open,gold,True,"Forest Fire Smoke Exposures and Out-of-Hospital Cardiac Arrests in Melbourne, Au",False,False,110
5,hutchinson2018,"Hutchinson JA, Vargo J, Milet M, French NHF, Billmire M, Johnson J, Hoshiko S","The San Diego 2007 wildfires and Medi-Cal emergency department presentations, inpatient hospitalizations, and outpatient visits: an observational study of smoke exposure periods and a bidirectional case-crossover analysis",PLoS Medicine,2018,10.1371/journal.pmed.1002601,https://doi.org/10.1371/journal.pmed.1002601,https://www.ncbi.nlm.nih.gov/pmc/articles/PMC6038982/pdf/,open,gold,True,"The San Diego 2007 wildfires and Medi-Cal emergency department presentations, in",False,False,150
6,doubleday2020,"Doubleday A, Schulte J, Sheppard L, Kadlec M, Dhammapala R, Fox J, Busch Isaksen T","Mortality associated with wildfire smoke exposure in Washington state, 2006-2017: a case-crossover study",Environmental Health,2020,10.1186/s12940-020-0559-2,https://doi.org/10.1186/s12940-020-0559-2,http://link.springer.com/content/pdf/10.1186/s12940-020-0559-2.pdf,open,gold,True,"Mortality associated with wildfire smoke exposure in Washington state, 2006–2017",False,True,104
7,dodd2018,"Dodd W, Howard C, Rose C, Scott CR, Scott PG, Cunsolo A, Orbinski J","The summer of smoke: ecosocial and health impacts of a record wildfire season in the Northwest Territories, Canada",The Lancet Global Health,2018,10.1016/s2214-109x(18)30159-1,https://doi.org/10.1016/s2214-109x(18)30159-1,https://doi.org/10.1016/s2214-109x(18)30159-1,open,gold,True,The summer of smoke: ecosocial and health impacts of a record wildfire season in,False,False,11
8,yu2020,"Yu P, Xu R, Abramson MJ, Li S, Guo Y",Bushfires in Australia: a serious health emergency under climate change,The Lancet Planetary Health,2020,10.1016/s2542-5196(19)30267-0,https://doi.org/10.1016/s2542-5196(19)30267-0,https://doi.org/10.1016/s2542-5196(19)30267-0,open,gold,True,Bushfires in Australia: a serious health emergency under climate change,False,False,137
9,hayes2018,"Hayes K, Blashki G, Wiseman J, Burke S, Reifels L","Climate change and mental health: risks, impacts and priority actions",International Journal of Mental Health Systems,2018,10.1186/s13033-018-0210-6,https://doi.org/10.1186/s13033-018-0210-6,http://link.springer.com/content/pdf/10.1186/s13033-018-0210-6.pdf,open,gold,True,"Climate change and mental health: risks, impacts and priority actions",False,True,552
10,cunsolo2020,"Cunsolo A, Harper SL, Minor K, Hayes K, Williams KG, Howard C",Ecological grief and anxiety: the start of a healthy response to climate change?,The Lancet Planetary Health,2020,10.1016/s2542-5196(20)30144-3,https://doi.org/10.1016/s2542-5196(20)30144-3,https://doi.org/10.1016/s2542-5196(20)30144-3,open,gold,True,Ecological grief and anxiety: the start of a healthy response to climate change?,False,False,284
11,leibel2019,"Leibel S, Blake KV, Burbank A, Kim K, Schwindt C, Gaffin JM, Phipatanakul W",Increase in Pediatric Respiratory Visits Associated with Santa Ana Wind-Driven Wildfire Smoke and PM2.5 Levels in San Diego County,Annals of the American Thoracic Society,2019,10.1513/annalsats.201902-150oc,https://doi.org/10.1513/annalsats.201902-150oc,https://academic.oup.com/annalsats/article-pdf/17/3/313/66348374/annalsats_17_3_313.pdf,paywalled,closed,True,Increase in Pediatric Respiratory Visits Associated with Santa Ana Wind–Driven W,False,False,67
12,brumberg2021,"Brumberg HL, Karr CJ, Council on Environmental Health and Climate Change",Ambient Air Pollution: Health Hazards to Children,Pediatrics,2021,10.1542/peds.2021-051484,https://doi.org/10.1542/peds.2021-051484,https://publications.aap.org/pediatrics/article-pdf/doi/10.1542/peds.2021-051484/1182666/peds_2021051484.pdf,paywalled,closed,True,Ambient Air Pollution: Health Hazards to Children,False,False,178
13,liu2016,"Liu JC, Mickley LJ, Sulprizio MP, Gonzalez-Abraham CE, Yue X, Gao M, Henze DK, Smith SJ, Yang Z, Wiedinmyer C",Future respiratory hospital admissions from wildfire smoke under climate change in the Western US,Environmental Research Letters,2016,10.1088/1748-9326/11/12/124018,https://doi.org/10.1088/1748-9326/11/12/124018,https://iopscience.iop.org/article/10.1088/1748-9326/11/12/124018/pdf,open,gold,True,Future respiratory hospital admissions from wildfire smoke under climate change ,False,False,40
14,williamson2016,"Williamson GJ, Lucani C, Clarke PL, Bowman DMJS",A transdisciplinary approach to understanding the health effects of wildfire and prescribed fire smoke regimes,Environmental Research Letters,2016,10.1088/1748-9326/11/12/125009,https://doi.org/10.1088/1748-9326/11/12/125009,https://iopscience.iop.org/article/10.1088/1748-9326/11/12/125009/pdf,open,gold,True,A transdisciplinary approach to understanding the health effects of wildfire and,False,False,110
15,rappold2012,"Rappold AG, Cascio WE, Kilaru VJ, Stone SL, Neas LM, Devlin RB, Diaz-Sanchez D",Cardio-respiratory outcomes associated with exposure to wildfire smoke are modified by measures of community health,Environmental Health,2012,10.1186/1476-069x-11-71,https://doi.org/10.1186/1476-069x-11-71,http://link.springer.com/content/pdf/10.1186/1476-069X-11-71.pdf,open,gold,True,Cardio-respiratory outcomes associated with exposure to wildfire smoke are modif,False,True,129
16,weinhold2011,Weinhold B,Fields and Forests in Flames: Vegetation Smoke and Human Health,Environmental Health Perspectives,2011,10.1289/ehp.119-a386,https://doi.org/10.1289/ehp.119-a386,https://www.ncbi.nlm.nih.gov/pmc/articles/PMC3230418/pdf/,open,gold,True,Fields and Forests in Flames: Vegetation Smoke and Human Health,False,False,23
17,gbd2024,GBD 2021 Risk Factors Collaborators,"Global burden and strength of evidence for 88 risk factors in 204 countries and 811 subnational locations, 1990-2021: a systematic analysis for the Global Burden of Disease Study 2021",The Lancet,2024,10.1016/s0140-6736(24)00933-4,https://doi.org/10.1016/s0140-6736(24)00933-4,https://www.ncbi.nlm.nih.gov/pmc/articles/PMC11120204/pdf/,open,hybrid,True,Global burden and strength of evidence for 88 risk factors in 204 countries and ,False,False,2145
18,rocque2021,"Rocque RJ, Beaudoin C, Ndjaboue R, Cameron L, Poirier-Bergeron L, Poulin-Rheault RA, Fallon C, Tricco AC, Witteman HO",Health effects of climate change: an overview of systematic reviews,BMJ Open,2021,10.1136/bmjopen-2020-046333,https://doi.org/10.1136/bmjopen-2020-046333,https://www.ncbi.nlm.nih.gov/pmc/articles/PMC8191619/pdf/,open,gold,True,Health effects of climate change: an overview of systematic reviews,False,False,758
19,hobbhahn2019,"Hobbhahn N, Cornish H, Sauerborn R",Urgent action is needed to protect human health from the increasing effects of climate change,The Lancet Planetary Health,2019,10.1016/s2542-5196(19)30114-7,https://doi.org/10.1016/s2542-5196(19)30114-7,https://doi.org/10.1016/s2542-5196(19)30114-7,open,gold,True,Urgent action is needed to protect human health from the increasing effects of c,False,False,19
20,brigham2023,"Brigham E, Harkness M, Vanbeusecum J, Hansel NN, Koehler K",Adaptation in real time: Wildfire smoke exposure and respiratory health,Respirology,2023,10.1111/resp.14624,https://doi.org/10.1111/resp.14624,https://www.ncbi.nlm.nih.gov/pmc/articles/PMC10954152/pdf/,open,hybrid,True,Adaptation in real time: Wildfire smoke exposure and respiratory health,False,False,2
21,wilgus2024,"Wilgus M, Madduri B, Mesbahi B, Torres A, Rai P, Bhatt P, Jain A, Gupta VK",Clearing the Air: Understanding the Impact of Wildfire Smoke on Asthma and COPD,Healthcare,2024,10.3390/healthcare12030307,https://doi.org/10.3390/healthcare12030307,https://www.ncbi.nlm.nih.gov/pmc/articles/PMC10855577/pdf/,open,gold,True,Clearing the Air: Understanding the Impact of Wildfire Smoke on Asthma and COPD,False,False,34
22,palinkas2023,"Palinkas LA, O'Donnell ML, Lau W, Norris FH",Adaptation Resources and Responses to Wildfire Smoke and Other Forms of Air Pollution in Low-Income Urban Settings: A Mixed-Methods Study,International Journal of Environmental Research and Public Health,2023,10.3390/ijerph20075393,https://doi.org/10.3390/ijerph20075393,https://www.ncbi.nlm.nih.gov/pmc/articles/PMC10094253/pdf/,open,gold,True,Adaptation Resources and Responses to Wildfire Smoke and Other Forms of Air Poll,False,False,6
23,xu2023,"Xu R, Li S, Guo S, Zhao Q, Abramson MJ, Li J, Zeng Q, Huxley RR, Coelho MSZS, Nunes AR, McMichael C, Guo Y","Climate change, environmental extremes, and human health in Australia: challenges, adaptation strategies, and policy gaps",The Lancet Regional Health - Western Pacific,2023,10.1016/j.lanwpc.2023.100936,https://doi.org/10.1016/j.lanwpc.2023.100936,https://www.ncbi.nlm.nih.gov/pmc/articles/PMC10730315/pdf/,open,gold,True,"Climate change, environmental extremes, and human health in Australia: challenge",False,False,30
24,ipcc2021,IPCC,Climate Change 2021: The Physical Science Basis. Contribution of Working Group I to the Sixth Assessment Report of the Intergovernmental Panel on Climate Change,Cambridge University Press,2021,10.1017/9781009157896,https://doi.org/10.1017/9781009157896,https://doi.org/10.1017/9781009157896,paywalled,closed,True,Climate Change 2021 – The Physical Science Basis,True,False,3914
25,priem2022,"Priem J, Piwowar H, Orr R",OpenAlex: A fully-open index of the world's research works,arXiv,2022,10.48550/arXiv.2205.01833,https://doi.org/10.48550/arXiv.2205.01833,https://doi.org/10.48550/arXiv.2205.01833,paywalled,closed,False,,True,False,
26,van2017,"van der Werf GR, Randerson JT, Giglio L, van Leeuwen TT, Chen Y, Rogers BM, Mu M, van Marle MJE, Morton DC, Collatz GJ, Yokelson RJ, Kasibhatla PS",Global fire emissions estimates during 1997-2016,Earth System Science Data,2017,10.5194/essd-9-697-2017,https://doi.org/10.5194/essd-9-697-2017,https://doi.org/10.5194/essd-9-697-2017,open,gold,True,Global fire emissions estimates during 1997–2016,True,False,1679
27,hagberg2008,"Hagberg AA, Schult DA, Swart PJ","Exploring network structure, dynamics, and function using NetworkX",Proceedings of the 7th Python in Science Conference (SciPy2008),2008,,,https://conference.scipy.org/proceedings/SciPy2008/paper_2/,unknown,closed,False,,True,False,
28,centre2023,Centre for Research on the Epidemiology of Disasters (CRED),EM-DAT: The Emergency Events Database,Universite catholique de Louvain,2023,,,https://www.emdat.be,unknown,closed,False,,True,False,
