label,tier,n_papers,us_pct,median_citations,oa_pct,bio_depth,soc_depth,gap_flag_pct,design_epidemiological,design_synthesis,design_modelling,design_qualitative,design_experimental,design_other,journal_public_health___medicine,journal_environmental_science,journal_ecology___natural_science,journal_social_science,journal_other,journal_unknown
mortality,Neglected Outcome,139,28.1,35.0,99.3,1.42,2.68,77.7,36.7,25.9,20.1,6.5,0.0,10.8,33.8,14.4,11.5,0.7,38.8,0.7
mental_health,Neglected Outcome,96,29.2,42.0,100.0,1.03,4.06,81.2,26.0,31.2,2.1,29.2,0.0,11.5,45.8,5.2,6.2,2.1,40.6,0.0
neurological,Neglected Outcome,42,38.1,28.5,97.6,3.9,2.52,83.3,23.8,40.5,2.4,7.1,0.0,26.2,28.6,9.5,19.0,0.0,42.9,0.0
reproductive,Neglected Outcome,40,55.0,28.5,97.5,2.7,2.7,80.0,32.5,32.5,0.0,10.0,0.0,25.0,40.0,2.5,17.5,0.0,40.0,0.0
burns_injury,Neglected Outcome,9,22.2,30.0,100.0,2.22,2.0,66.7,33.3,11.1,22.2,11.1,0.0,22.2,33.3,0.0,0.0,0.0,66.7,0.0
low_income,Neglected Population,89,40.4,31.0,100.0,1.18,4.47,77.5,31.5,31.5,6.7,19.1,0.0,11.2,49.4,7.9,9.0,0.0,33.7,0.0
rural,Neglected Population,42,33.3,28.0,100.0,1.62,4.64,83.3,28.6,28.6,7.1,26.2,0.0,9.5,45.2,14.3,9.5,2.4,28.6,0.0
pregnant,Neglected Population,36,50.0,23.5,97.2,2.33,2.86,77.8,36.1,33.3,0.0,8.3,0.0,22.2,38.9,8.3,11.1,0.0,41.7,0.0
indigenous,Neglected Population,35,22.9,28.0,100.0,1.43,5.17,85.7,22.9,28.6,0.0,28.6,0.0,20.0,54.3,2.9,5.7,2.9,34.3,0.0
racial_minorities,Neglected Population,30,66.7,31.0,100.0,1.33,4.7,70.0,56.7,16.7,3.3,20.0,0.0,3.3,66.7,6.7,6.7,0.0,20.0,0.0
respiratory,Well-studied,239,37.2,28.0,97.9,1.96,2.43,74.1,33.1,34.3,5.9,9.2,0.0,17.6,35.6,10.9,9.2,0.4,43.1,0.8
cardiovascular,Well-studied,134,38.8,28.5,99.3,2.28,2.68,73.9,30.6,36.6,5.2,9.0,0.0,18.7,37.3,11.2,9.7,0.0,40.3,1.5
children,Well-studied,108,38.9,32.0,96.3,2.19,2.91,70.4,41.7,33.3,0.9,9.3,0.0,14.8,41.7,6.5,5.6,0.9,44.4,0.9
elderly,Well-studied,89,33.7,30.0,98.9,1.75,3.07,79.8,38.2,28.1,11.2,14.6,0.0,7.9,37.1,10.1,11.2,1.1,40.4,0.0
