Country,Papers (n),Share (%)
United States,648,34.2
Australia,173,9.1
United Kingdom,127,6.7
Canada,123,6.5
Germany,74,3.9
China,67,3.5
Brazil,54,2.9
Spain,51,2.7
India,40,2.1
Italy,34,1.8
Netherlands,32,1.7
South Africa,29,1.5
FI,25,1.3
CH,24,1.3
Portugal,23,1.2
Sweden,23,1.2
New Zealand,19,1.0
France,18,1.0
Greece,18,1.0
IE,18,1.0
AT,16,0.8
BE,14,0.7
NO,13,0.7
Japan,12,0.6
TH,11,0.6
PK,10,0.5
CL,8,0.4
ID,8,0.4
MY,8,0.4
DK,8,0.4
KE,7,0.4
IL,7,0.4
SA,7,0.4
RO,6,0.3
CY,6,0.3
ET,6,0.3
South Korea,6,0.3
CZ,6,0.3
CO,6,0.3
RU,6,0.3
Mexico,6,0.3
BD,5,0.3
HK,5,0.3
MA,4,0.2
GH,4,0.2
NG,4,0.2
PH,4,0.2
NP,4,0.2
IR,4,0.2
AR,4,0.2
EG,4,0.2
TR,4,0.2
SG,3,0.2
EE,3,0.2
PL,3,0.2
HU,3,0.2
IQ,3,0.2
TZ,2,0.1
SK,2,0.1
EC,2,0.1
ZW,2,0.1
JO,2,0.1
TW,2,0.1
RS,2,0.1
ZM,1,0.1
UY,1,0.1
LT,1,0.1
MZ,1,0.1
DZ,1,0.1
PA,1,0.1
HR,1,0.1
KZ,1,0.1
LB,1,0.1
KW,1,0.1
PR,1,0.1
CM,1,0.1
QA,1,0.1
LU,1,0.1
MM,1,0.1
TN,1,0.1
CD,1,0.1
IS,1,0.1
SZ,1,0.1
UG,1,0.1
SD,1,0.1
